cache_enabled,payload_bytes,workload,sample,reads,mean_ms,metadata,downloads
false,1024,hot,1,20,88.78677515000001,20,20
false,1024,hot,2,20,92.90539925,20,20
false,1024,hot,3,20,89.47352165,20,20
false,1024,hot,4,20,89.02067885,20,20
false,1024,hot,5,20,90.7176823,20,20
false,1024,cold,1,20,96.1981668,20,20
false,1024,cold,2,20,89.18803665,20,20
false,1024,cold,3,20,88.17641395000001,20,20
false,1024,cold,4,20,88.99507955,20,20
false,1024,cold,5,20,88.9885011,20,20
false,1024,mixed,1,20,89.59871945,20,20
false,1024,mixed,2,20,89.38852415,20,20
false,1024,mixed,3,20,88.79022425000001,20,20
false,1024,mixed,4,20,88.98989355,20,20
false,1024,mixed,5,20,88.3882512,20,20
true,1024,hot,1,20,44.3850719,0,20
true,1024,hot,2,20,44.2661909,0,20
true,1024,hot,3,20,44.3896831,0,20
true,1024,hot,4,20,44.773774350000004,0,20
true,1024,hot,5,20,44.1903534,0,20
true,1024,cold,1,20,89.81441989999999,20,20
true,1024,cold,2,20,88.7465861,20,20
true,1024,cold,3,20,90.19455819999999,20,20
true,1024,cold,4,20,88.5802681,20,20
true,1024,cold,5,20,88.60337385,20,20
true,1024,mixed,1,20,53.2039487,4,20
true,1024,mixed,2,20,52.78807450000001,4,20
true,1024,mixed,3,20,53.190497400000005,4,20
true,1024,mixed,4,20,52.9943983,4,20
true,1024,mixed,5,20,53.185012400000005,4,20
false,1048576,hot,1,20,60.5984212,20,20
false,1048576,hot,2,20,50.84081475,20,20
false,1048576,hot,3,20,57.43592655,20,20
false,1048576,hot,4,20,70.67441314999999,20,20
false,1048576,hot,5,20,67.5069651,20,20
false,1048576,cold,1,20,62.432778,20,20
false,1048576,cold,2,20,57.96296635,20,20
false,1048576,cold,3,20,72.58542945,20,20
false,1048576,cold,4,20,76.7890612,20,20
false,1048576,cold,5,20,71.63482015,20,20
false,1048576,mixed,1,20,47.98013055,20,20
false,1048576,mixed,2,20,47.7037671,20,20
false,1048576,mixed,3,20,53.20069099999999,20,20
false,1048576,mixed,4,20,56.296783100000006,20,20
false,1048576,mixed,5,20,44.207762100000004,20,20
true,1048576,hot,1,20,38.80501115,0,20
true,1048576,hot,2,20,32.23244745,0,20
true,1048576,hot,3,20,31.56656615,0,20
true,1048576,hot,4,20,30.77772895,0,20
true,1048576,hot,5,20,33.0176425,0,20
true,1048576,cold,1,20,79.26937325,20,20
true,1048576,cold,2,20,77.9266859,20,20
true,1048576,cold,3,20,69.76375,20,20
true,1048576,cold,4,20,57.70141785,20,20
true,1048576,cold,5,20,73.86754705,20,20
true,1048576,mixed,1,20,40.46743085,4,20
true,1048576,mixed,2,20,40.385541599999996,4,20
true,1048576,mixed,3,20,32.561848,4,20
true,1048576,mixed,4,20,33.64097685,4,20
true,1048576,mixed,5,20,41.3363662,4,20
